ozon_id,ds_score
186913,0.8791225326822332
187130,0.8638515383410716
207170,0.8271725208176155
2626863,0.6855757272044533
2643699,0.9228410114697586
2938261,0.8960542992486678
3120549,0.9726730865011337
3195495,0.8711230187803443
3301387,0.6027817320911948
3486070,0.7003589505641497
3612060,0.8052375903930784
3631032,0.8885627847432692
3636620,0.9843254556247478
3704055,0.8966189432230167
3738006,0.9234282237677088
3740929,0.8197397449341746
3808907,0.5000000000533406
3818568,0.9262888296056552
3931361,0.8288940177416269
4153849,0.7241505743547904
4268559,0.9264444795334037
4288593,0.8944440471648154
4339060,0.8463737775480933
4611874,0.8323444127288582
4769891,0.8286869433128959
5035442,0.9087865777712597
5204378,0.9077474061205062
5240088,0.9112268657459323
5332925,0.932843689483625
5343291,0.8550141165237102
5536852,0.8266831909176364
5540744,0.9720003577359266
5583201,0.8521803150236373
5755001,0.8365256760377482
5842059,0.9291674408425032
6075953,0.903320462824619
6213558,0.8797251244138988
6286816,0.8782302095351295
6389366,0.8825050512516239
6686133,0.7440778540677452
6702432,0.9296593220957279
6800749,0.9251964489652218
6827247,0.9002007097232463
6874974,0.9066450237934334
6921689,0.4999999999963908
6937103,0.8669187274564036
7002972,0.7188064312522024
7056609,0.902632313893198
7073021,0.8776806867905125
7166030,0.4049587841879541
7184421,0.6859161832418634
7211289,0.8866499573535873
7302650,0.7632193137330864
7485588,0.80910589244466
7513156,0.919749819748412
7565376,0.8466437180454509
7607260,0.8993532865867517
7607748,0.999999999771281
7651721,0.9452563792596401
7658189,0.5000000000419506
7704656,0.6862426565444479
7900476,0.8644400545629576
8005419,0.8358240571252611
8038088,0.13584123702552292
8225789,0.895947427492927
8487333,0.9384024389546359
8752891,0.9272947336572344
8844342,0.8962469900396739
8898065,0.043716710440576026
8927399,0.8995753747104591
9014201,0.8813765533568455
9345795,0.8240759175297664
9395659,0.9950050932068635
9671222,0.8931785063316882
9701638,0.9439828131330865
9725179,0.8458208809638061
9930745,0.8322830323761701
10127317,0.7585007191124794
10331351,0.9999999998905826
10341596,0.8798516577280379
10345814,0.8526281211097437
10406840,0.9048990155756507
10783208,0.8922427882464844
10801690,0.9999999996407269
11026391,0.9305474202126293
11080897,0.9046692447716482
11388527,0.9412395621879192
11428621,0.8126930557864964
11751997,0.7526275791663257
11779936,0.9306334659830028
11879383,0.7545348592393685
12280656,0.8249623891956378
12414320,0.8447117232409241
13152769,0.8709189017558916
13341303,0.97863761238762
13354965,0.8475430979365491
13468806,0.8913649869928106
13530406,0.9478274118563796
13694321,0.8596371802331972
13762492,0.9351960197168148
14151693,0.9329943819795256
14186098,0.8797014224093641
14190355,0.7408240702639449
14223478,0.8818013183949389
14447507,0.9454836246496177
14571496,0.8875590885333082
14650412,0.685161742283605
14699165,0.5000000000062067
14753110,0.9304957720214839
14850022,0.9122207873113147
14870262,0.8472073623738114
14879168,0.8634854391380644
14986561,0.8846945054203585
15003558,0.8737380402469249
15166638,0.8854122003575138
15278795,0.8333297540938376
15369072,0.8865093513386375
15892063,0.7463287791980457
16034075,0.85999198300528
16058535,0.9941922560663471
16085026,0.8517814470048588
16135011,0.9370431329587074
16144856,0.8792212104528041
16438939,0.8787093761454364
16895551,0.7247064463684398
16898236,0.8772117339151008
17152231,0.8437540574903613
17227147,0.9365630606620206
17242183,0.8334124506017278
17357175,0.6327428726311184
17448192,0.11998522383635774
17453085,0.9710572821937198
17464351,0.89030006886146
17608236,0.9151635583825876
17667344,0.6325724050163974
17763668,0.8619284772039733
17786585,0.9307523358791789
17863940,0.977862315201421
18396576,0.5000000000228477
18700810,0.7874462456873647
18800267,0.8002077503610712
18955909,0.49999999745550155
19003577,0.8326193344929365
19014327,0.8979733605149145
19221727,0.8459169568353925
19513020,0.773098228069196
19572866,0.859785584023796
19630725,0.831533631280648
19732224,0.9343921543366526
20116177,0.589043292993814
20630111,0.755594089630213
21106516,0.9568375235282315
21365697,0.9864462733142496
21648791,0.8243121570498521
21771266,0.8749526407094228
21888015,0.9567875332722717
21930436,0.8126521194005514
21987424,0.913385802466655
22453672,0.8703029210574285
22469140,0.9366531974079217
23142599,0.8586600140875396
23377953,0.9139929556535069
23428861,0.749716478414806
23739020,0.8509312122520248
23995322,0.8610366729679018
24111396,0.6316308126655302
24170371,0.9438657879014527
24709396,0.8739986293038996
25005594,0.9232449164598024
25081363,0.8433092399349795
25102846,0.8757978377933524
25103008,0.83162061474602
25115641,0.88831793670336
25203507,0.899683059567177
25260851,0.8664923945885489
25762053,0.7703266790377343
26112851,0.8778445050502215
26189198,0.8699279479822262
26223215,0.891049641527673
26495075,0.8996358114546625
26501243,0.6672507420013447
26611167,0.8541910229172205
26807900,0.9218505326763793
26945949,0.5000000000390379
27064115,0.5000000000143946
28009717,0.8704755271768521
28102316,0.7501186281711518
28108064,0.8747974022568549
28255181,0.9911386028271139
28291826,0.8355681645865519
28332244,0.8978185747837526
28360109,0.93276164289406
28568508,0.865889525635513
28671162,0.7871515055031538
28711728,0.6906661160790379
28940506,0.8686632633803051
28979857,0.9999999999441852
29143099,0.8162726742428339
29261337,0.816030738470933
29432532,0.764028689965589
29512122,0.8001700416493056
29538855,0.48675990813504133
29573814,0.9299524406660491
29666043,0.9127201328333127
29745561,0.799681529415369
29894780,0.8795284732148663
29900475,0.8832392253948206
29926664,0.8515649440663491
29939112,0.8930199287823324
29949469,0.8927961165710234
29969891,0.7696662812665496
30066445,0.7909032540230637
30102581,0.8465457900165425
30225560,0.9169612944540315
30239544,0.7444887061150428
30294951,0.9148999452674946
30440661,0.8894975055550687
30462033,0.6647270400871247
30504473,0.880961650589173
30521527,0.8361016896296078
30599048,0.8456585621215952
30621565,0.754267301321384
30666880,0.8962541885017815
30788185,0.8751288583687348
30827383,0.8201844979595424
30992919,0.49999999989646615
31011185,0.8885072370492023
31012073,0.889586290547649
31113085,0.9999999998353644
31141527,0.9413167875275543
31192739,0.5000000002011104
31206332,0.5898878769226189
31334233,0.9513543322274971
31361122,0.8359221018546262
31520035,0.8196149850830764
31548893,0.6223258251132067
31597771,0.8686715507853924
31776074,0.9639222198375663
31781949,0.8741160449373295
31924095,0.8938434257411316
31955408,0.8657788758502734
32164590,0.8211974754483704
32198016,0.8726173221947197
32216277,0.935976844607881
32223362,0.9566240655067572
32244027,0.7508647816546024
32309192,0.7847064063804692
32359554,0.8582048006763991
32505988,0.8982553847916088
32510260,0.6413362621793883
32534998,0.500000000019475
32691199,0.9037218925727543
32756105,0.8912307910205117
32860805,0.864922365693839
32928452,0.9471688906040359
32947233,0.8394921239982317
32966186,0.8435176308774684
33043570,0.9246117522829961
33088573,0.8273915478537819
33103076,0.755839154667106
33153168,0.8055689600891311
33224551,0.837034041329332
33280064,0.9226619606770716
33294145,0.670159986853953
33385092,0.8733607448789344
33556328,0.9019404659806594
33613114,0.766070723714184
33628173,0.8514442534785236
33662303,0.6460720005974345
33668959,0.8883669047507767
33678095,0.8681014097489739
33706974,0.7749276396283685
33748031,0.9114522434879824
33880063,0.9999999999355906
33992327,0.9409640097077949
34001117,0.6934010048039437
34067598,0.8838370285207593
34093373,0.8561219305948645
34098938,0.8135910060126152
34172481,0.9516765587087953
34245094,0.6614359520601979
34265226,0.7961778682340865
34419630,0.9999999999438887
34428475,0.985252279366833
34490684,0.8010202040997934
34611276,0.8849462803280967
34706225,0.8204088772543763
34710160,0.8942665296887888
34744294,0.6645009378749053
34830999,0.9120685273204876
34887749,0.49999999994684485
34913609,0.5000000000369124
34962480,0.7410312663381141
34969711,0.8082438118956758
34978606,0.6007924049329707
34981564,0.9999999999219997
34995495,0.9188271415400371
35048627,0.9004746007870839
35103315,0.8984849937435389
35108834,0.8384492389911161
35202775,0.8790955507582903
35214247,0.8887882065623307
35229411,0.7716816981710494
35284399,0.854452382772002
35424358,0.7726011119852644
35432507,0.7375394725297646
35435523,0.8860823391229624
35485538,0.9711685521314277
35521606,0.8317406207251162
35575119,0.9961937321842975
35584304,0.9208783620657284
35610583,0.931396345297786
35638844,0.8934028690108939
35646389,0.9722190523657316
35719310,0.6367927057090728
35751555,0.9433346801145861
35813611,0.9340830770601822
35841194,0.8887775688852326
35943477,0.9044904550912092
35981246,0.8283633695999172
36226513,0.8921611810262869
36233079,0.7768901556973528
36238424,0.8246041505702513
36300372,0.5000000001931747
36365086,0.9635397003674426
36450334,0.8962159475954763
36452485,0.92500643257984
36471091,0.8585318448426009
36477841,0.8449666465512318
36559923,0.9880672937632651
36611248,0.500000000154289
36762439,0.9027804384507214
36864564,0.9885707495369098
36983814,0.856604256300965
37025291,0.8522796828998596
37036462,0.9366828225590842
37054090,0.9166579238806692
37158854,0.7484301381245282
37185411,0.8759346681710506
37199187,0.9229637332679665
37349054,0.8833589700812965
37406543,0.8323402056590081
37471103,0.9887921866105469
37543322,0.6757644810801304
37555570,0.798105969090739
37615116,0.5000000000183482
37695056,0.866154535469736
37737076,0.8987867989113182
37744348,0.767784185848537
37761248,0.9999999997816216
37783968,0.9086336465405309
37784146,0.8142234096547687
37917917,0.8564603767330503
37926013,0.8442854721451637
37926475,0.8118863219844926
37933906,0.7253376787865625
37983271,0.9720624085968596
38011876,0.988530311479693
38072889,0.8057420179732913
38076399,0.7544466872106224
38099735,0.7565046285585997
38210870,0.8772860202457008
38270100,0.8062000276037153
38354306,0.9627046830526438
38438562,0.8529667126982927
38470682,0.889338473211004
38606988,0.9291139442733702
38610364,0.815611595172401
38634584,0.8332845970944536
38637212,0.9326015927239648
38730352,0.8195402518065804
38881769,0.8360457536610268
39039792,0.9479522620943512
39092537,0.9019110520516695
39133379,0.9999999999102978
39150142,0.8087187905788927
39153474,0.5000000002028756
39198269,0.8317270255101561
39203436,0.8510782199912759
39206512,0.9684373767236483
39233682,0.801597635039707
39291160,0.7747206037944869
39312440,0.999999999950302
39430634,0.840757506938659
39478722,0.9465247448287802
39605320,0.7203197354501707
39690250,7.513342225837281e-11
39795716,0.8769165967020407
39826964,0.6967700184602641
39840161,0.8655448146360554
39869190,0.5000000000036474
39903958,0.8797753531836492
39913973,0.872372116087142
39916190,0.8824531740939023
39930792,0.9993491781942991
39989333,0.996687493287571
40028942,0.8133532475852889
40043933,0.981421035059749
40206874,0.9787298642866151
40250947,0.5000000000053342
40330108,0.8518007578142249
40355566,0.8632372697523566
40429240,0.8136259312743297
40436996,0.8295277567599528
40575545,0.8910398941513911
40633265,0.8749601681785499
40669328,0.9999999997717883
40673794,0.7766829793374707
40678392,0.8977757507596185
40749428,0.8381631960186225
40816113,0.847369072685875
40827057,0.8477092222802528
40897074,0.8713738186341041
40899735,0.793406238467544
40989099,0.8338837905145763
41114681,0.8309879112365461
41162560,0.6365201495545447
41225558,0.9448163543415979
41241057,0.8971645297924995
41250150,0.860920076139025
41267389,0.9094675291139324
41281114,0.9668915662201056
41291987,0.6581760387658262
41349892,0.8974129089899561
41357172,0.8281972548799961
41376352,0.8612650848068648
41388897,0.8279186703063668
41433182,0.9260213956307913
41455293,0.1656215434449278
41488315,0.725105519747775
41489450,0.41464926036435246
41610332,0.9079151024819587
41791184,0.8262992922760997
41805286,0.8549446920292667
41881283,0.7683047919235328
41939339,0.9543686352620167
41999955,0.49999999948753526
42141813,0.9336333814368178
42185559,0.8801015421565952
42249762,0.6853667024558061
42263546,0.8141794722230958
42335622,0.8709611554161988
42348595,0.7275283631126801
42364974,0.6545764631807505
42366308,0.8222376495109511
42456941,0.8961015520662456
42460312,0.7321494512952958
42501335,0.9917225025420988
42568702,0.8321597941734094
42658104,0.8835680934338465
42674402,0.9458559894477598
42771567,0.9513725735071838
42835517,0.8011813967164229
43007504,0.8378172939147486
43141843,0.8800141100648629
43161195,0.7023943021317341
43258729,0.7313746789042701
43519723,0.925872331861634
43539159,0.9173677249145769
43541843,0.8980061312443204
43592329,0.9353371573180755
43630398,0.6638127278066115
43646104,0.539407219044366
43653765,0.8654523239089604
43673000,0.8763199739870355
43768419,0.9939772776415619
43874412,0.7436127962392336
43963539,0.858868629742951
44018495,0.831649046895919
44033176,0.9095610117910427
44117685,0.9301004288578789
44170164,0.9205043816122251
44226484,0.6623078363582716
44229690,0.7925630890330186
44230689,0.9220197152741341
44242766,0.832233679332588
44245897,0.862440731804425
44271050,0.4974668885246645
44361896,0.9394198918991179
44380607,0.9514389698963419
44471810,0.9065786519972112
44569262,0.9226562428604799
44593907,0.8838575641488128
44611041,0.8266756833634918
44627764,0.8265470509793515
44680042,0.5000000000193645
44710115,0.5000000001374542
44770233,0.7906112573881825
44830697,0.8812389608987301
45139702,0.8803550803985732
45143535,0.6845472495543745
45170268,0.8444572446582751
45420457,0.917133494420949
45436074,0.817563006364442
45520868,0.8304697699032968
45569429,0.7724741988680224
45613922,0.8925777765200793
45749982,0.9289583091230027
45781305,0.8795374105047802
45897745,0.9555920828919047
45926862,0.8957929224925347
45966942,0.9400650699640394
46055434,0.7486299384566231
46095937,0.9078111756048157
46110031,0.8925969401702168
46166033,0.8674788967121095
46208629,0.9005104319055224
46217173,0.9999999998638504
46226300,0.8252807185459028
46334040,0.8798706907549232
46381737,0.49999999998344097
46412514,0.6282635395863029
46668924,0.7911277537317811
46876066,0.9178007232642122
46959203,0.8703099326176624
47128436,0.8320288461355189
47207039,0.9999999998016493
47304296,0.7853203412500293
47352236,0.8638732222905475
47386208,0.792505162266938
47628852,0.9040762397749554
47631073,0.10225761858097945
47690920,0.8754062903065521
47709762,0.6710475517606187
47779009,0.9752911015054836
47802667,0.91431207128133
47860153,0.8257018433436721
47869587,0.8298082991392017
47884661,0.8354924608846787
48071369,0.8172898468482684
48107053,0.9038944986396613
48155700,0.9209177915806842
48225818,0.7774052886316831
48266692,0.999999999899813
48272479,0.7901200831450423
48322294,0.9251593702006555
48424926,0.9706009272182289
48636451,0.7043641640663452
48637799,0.7153945490961418
48817946,0.9999999994717075
48836924,0.8251857761539113
48845076,0.8750960618327448
48944426,0.844489641330513
49000730,0.8028217601215332
49046551,0.7722066787930371
49328106,0.8659206834200373
49398819,0.8825368944493169
49420270,0.856766029782432
49461796,0.8067198586667033
49466153,0.9999999999567306
49470413,0.8678473490255538
49487013,0.9242654600006425
49521822,0.7943284187548421
49549079,0.8717465432892264
49639093,0.8048388949204026
49693348,0.22785583097257814
49717367,0.8671762431452329
49774482,0.8234621837726486
49777676,0.9035577514669312
49794385,0.7805272233118966
49967917,0.8900022803119398
50122215,0.9776352973819997
50141105,0.5000000000601647
50148433,0.5000000000165148
50447025,0.8544030740498685
50501709,0.8827046484729271
50710824,0.8714645001583439
50794611,0.8665637309124932
50832006,0.5000000000035555
50837790,0.854936297227199
50953569,0.9495695613098208
51034361,0.8621338075603565
51093209,0.8564016649739103
51164746,0.7366702780273738
51173690,0.8158067615339171
51205876,0.8068981749441135
51352513,0.9031927629957612
51354126,0.5133186801651922
51354887,0.9261296753726748
51494120,0.9428958522123859
51525687,0.8492957340229865
51613099,0.5056442736448326
51667485,0.6974551987276552
51725219,0.7703623615413071
51735395,0.7795249449010202
51749291,0.782896743917243
51856014,0.7654517803581811
51946947,0.7377393915583021
52192640,0.7673371764851717
52228170,0.7343394634207977
52281599,0.8258258758272599
52285798,0.8492233906278428
52380891,0.8335438667104529
52672808,0.8970412223527617
52680950,0.8016399835316307
52701262,0.873243979920586
52910697,0.8562587205019125
52944756,0.810741440746034
52968304,0.8877117145553999
53093426,0.9274508109749822
53125252,0.8365979649343134
55011739,0.8249388311156722
55048853,0.8149724427948561
55168110,0.7583923452834594
55327077,0.8886685005105952
55377642,0.7510956583281232
55526024,0.8332092413926173
55656798,0.8328284756086637
55713121,0.9330474288685877
55841507,0.9951182144134075
55898484,0.8693596431345081
55978551,0.830341004163493
56025601,0.8323953070397779
56139557,0.8529188176954574
56195614,0.969708069485408
56376677,0.9047682422290038
56418238,0.9319628957977879
56452965,0.8755238087769005
56471632,0.915487100699766
56566173,0.9371868489775834
56606047,0.9175767264837216
56610237,0.7534146570011016
56640318,0.5000000001770663
56712111,0.4999999872317099
56726829,0.7708043973776179
56775339,0.9000937693287463
56803643,0.8513875513967771
56899985,0.8550674946329073
57012945,0.8608830131318275
57051308,0.9175359188959811
57142236,0.8305877228470198
57254863,0.8793644085793619
57265985,0.8247834611308276
57332208,0.8587980757624682
57538516,0.9451731931770688
57540623,0.8629547321846966
57544322,0.8511191689790489
57793699,0.8234758338673782
57888351,0.8317553734009775
57912809,0.3969512371888011
58219032,0.8862401612271096
58285504,0.8692169470457624
58412763,0.7980306972106364
58435686,0.9057049540824051
58489789,0.7680387537108067
58716471,0.770229248840663
58855732,0.7097335518668368
58941588,0.7103196061286637
58952761,0.9059284386033055
58970094,0.8103327257234191
58973770,0.8961023576148384
59012803,0.7352432654588065
59020992,0.8863386222965294
59091259,0.9999999999036424
59211869,0.8913346789141345
59335023,0.8065242637833684
59343578,0.908238662469834
59530662,0.8332715055783122
59585042,0.7580993327265773
59599758,0.8785337187519329
59600765,0.8539913686001134
59655533,0.8301465000487018
59673432,0.848901130770964
59823093,0.7884715417379891
60005207,0.9271042335911512
60054753,0.6525192906289428
60075502,0.8539624993253068
60082929,0.913279211075239
60169445,0.8027901420547772
60240445,0.6856713414044147
60285332,0.9693512863932219
60452322,0.8553989536105595
60566244,0.8057776021803256
60574407,0.9351055968902404
60760525,0.8555545141913574
60827375,0.8773681260903841
60929812,0.7708756627512365
61060669,0.9106823424052228
61211594,0.8380656069759034
61463180,0.9328417489320657
61620258,0.854585546081821
61746586,0.9816501503127583
61763793,0.7873571417817253
61819987,0.9224088903826504
61928391,0.9556976618519186
61934412,0.9025221717133896
62001500,0.7329672875522482
62005171,0.9278800036036623
62020645,0.8759409554404147
62170042,0.6833089168677992
62243092,0.834910446053712
62351004,0.8280411023933492
62430432,0.8554818920746319
62520203,0.7685378592547107
62585232,0.8712233150623092
62599531,0.72712478124151
62706324,0.8871950320668645
62799917,0.8074951301205031
62826949,0.9050748279211521
62829051,0.8025513294339928
63084753,0.9142491176289853
63094058,0.8166378534259284
63124555,0.8519242882685069
63134307,0.8612914918431105
63280930,0.8178583883208643
63307389,0.988945053138466
63417973,0.8835061551227303
63437457,0.8309417480681488
63440252,0.49999999995978145
63531189,0.9074012978110715
63600319,0.9873285324785168
63770730,0.8733073800121672
63924719,0.5000000004690657
63931973,0.777591388499546
64019003,0.9111821522432639
64067553,0.8382834124133409
64081946,0.8825896135630942
64120039,0.9423661825652758
64164148,0.9022443295704906
64183092,0.904023943977758
64188317,0.8652555547064498
64238968,0.8797012660290331
64242225,0.8160711973401451
64433660,0.8067225896040746
64490365,0.8915066128215972
64525975,0.8045415087125304
64602804,0.7662928028223888
64669500,0.9194900038004234
64706711,0.9484670095593648
64741703,0.918812381450562
64771037,0.6654789832733141
64802710,0.8061825947362649
65061977,0.7543038724717893
65127235,0.7818348496824992
65305697,0.7484964717950916
65306552,0.7431153430108104
65308282,0.7804242152480498
65503601,0.9994740222057131
65572491,0.9003340009862074
65821660,0.8880368600434182
65935926,0.851506288343561
66079492,0.8055359620182314
66349212,0.9233726018019959
66440333,0.5000000006359232
66456141,0.8552562304273197
66654960,0.788320487468583
66799662,0.8584115722449841
66986952,0.8735546413349677
67148718,0.8714913903936296
67191180,0.868970438277693
67256406,0.6778572274308775
67346176,0.7234891487771785
67465977,0.843787222897203
67552921,0.9029869010807533
67559268,0.8695368644841519
67571445,0.7493584331156293
67602379,0.7827752121804226
67744236,0.8651513895831339
67754594,0.718078781497496
67779431,0.8688681614409401
67853327,0.84657328519589
67892895,0.3644306760138949
67903154,0.8224345100863376
67948427,0.8782049636011385
67954091,0.9193222139949344
68075224,0.900639393546983
68289611,0.5000000000050183
68445864,0.6667798432423166
68537913,0.9033186939821224
68594492,0.8035799282865497
68841251,0.8437120298765688
69003858,0.9407584767871638
69023651,0.7617075260341188
69040067,0.8505902506795576
69052838,0.9440923578187833
69112100,0.8521535483247454
69169261,0.8206102708248596
69189232,0.8848369696368669
69212833,0.9020282316776729
69261871,0.8201252336110274
69467567,0.8665586594726654
69557548,0.8637833250992274
69567444,0.9209445006820068
69598586,0.9161958019334064
69621909,0.49999999595821587
69738747,0.8310576323213008
69755614,0.7821802346519887
69884918,0.7085753826588371
70270430,0.7441660373163046
70300743,0.9688866717034177
70317724,0.8766857956568924
70318334,0.8659750672474511
70382594,0.9272454574623221
70451658,0.7259475510955107
70668364,0.6249071343163832
70753055,0.8113219595958784
70891817,0.9107633946645999
71013780,0.8802246460950144
71056455,0.7178226566454051
71063311,0.6146952652198789
71133857,0.7488936744035193
71307784,0.5000000000106736
71512359,0.9999999998761538
71531749,0.8947445923794624
71574246,0.8386064180054673
71836517,0.9387166712231744
71988521,0.7950647147904665
72409784,0.2085148895606039
72418765,0.8644250303538252
72486871,0.7069598987041871
72578306,0.7970661361833924
72696402,0.7381135986127123
72734775,0.9027478505131658
72751816,0.9035928482161673
72756946,0.87834462573413
72928429,0.7932072955254471
72975350,0.8667108861506665
73025276,0.8556121992888146
73117977,0.7327035240633976
73135275,0.8478235942666037
73272502,0.775959284905839
73441752,0.8693326427727553
73535405,0.7821970967852198
73595871,0.8205537726010919
73600149,0.7400589044308141
73608995,0.9641267010976486
74241051,0.9547252664792284
74250876,0.8466480185627983
74260797,0.8437911934983913
74696856,0.9328198763498887
74762130,0.9903971926055052
75033876,0.7968956998074472
75146967,0.8379879520749733
75207391,0.39251923983079456
75347994,0.8545211076842616
75591655,0.847040208029527
75715545,0.8141880060879487
75798476,0.8606903899290443
76186213,0.9083769434194362
76330675,0.8930564891367442
76651441,0.8858211812506885
76694140,0.5000000009183846
76744901,0.9209141249014712
76755982,0.6721802462423623
76833646,0.7298114996067349
76915377,0.9200686997072909
77030587,0.8463175576334501
77276709,0.6445154598895876
77345000,0.9008071257274166
77466817,0.8743906542377426
77590147,0.8794215511925516
77769087,0.8678569698917689
77878113,0.38623816734070804
78119163,0.8106700644170647
78289462,0.7067310749819626
78667061,0.5510400551559044
78684967,0.6634956650301508
78775208,0.9290365429179367
78907469,0.8799877561574287
79388452,0.7428365127827474
79477544,0.8189962085635879
79717265,0.8101891076355359
79852537,0.7310359427581525
79958958,0.7767137302647068
80072995,0.8712901281295925
80122418,0.2350780447554947
80284370,0.6721091268297361
80346946,0.7726736957757818
80397954,0.8955962345402235
80474766,0.8380946866463048
80595241,0.8963195776413478
80614337,0.9168555059907117
80624621,0.8991490800487789
80674066,0.8898798367531844
80693112,0.9999999948844003
80812973,0.8659241480350615
80945830,0.5453429456465038
81026378,0.6497253584398861
81089878,0.9247013188262521
81499503,0.7529947575868043
81624909,0.9582950081848081
81630425,0.9032122436966222
81655489,0.7317976904256938
81680886,0.8046158635142506
81724064,0.9554428798176529
81799931,0.861383748084944
81979764,0.7806657355651003
82013293,0.8028448735568025
82078545,0.9420848917587816
82110436,0.6833236082163208
82177559,0.7960315298244138
82677262,0.8071830641504789
83138883,0.6902405660590654
83165266,0.9370667963751083
83573627,0.8766284734819794
83869671,0.9999999999026107
83892982,0.9266359774015922
83976341,0.9463691827271483
84396097,0.8871346029317032
84664582,0.9999999998848617
84731316,0.9031945091805595
84806555,0.8342242682801085
84918733,0.9288202958157207
85081843,0.8042763216574895
85224740,0.634981743749046
85325329,0.9576681599386514
85399328,0.9998963209249794
85467023,0.8397836013261774
85523050,0.9110105608018004
85595547,0.8302943141862411
85600053,0.9399315852914176
85659169,0.7647272920415314
85876879,0.8442847531788353
86113143,0.7811334226659469
86266994,0.8246975287624041
86315796,0.8869305232616975
86382510,0.9352516443966434
86404447,0.752281028344757
86474291,0.8604394060027369
86543902,0.8060313507068989
86614970,0.7670224954652098
86673819,0.6682167810675497
86837453,0.9093738401510567
87181467,0.7265716694559401
87240182,0.7365203591807457
87541464,0.741987992914195
87569808,0.951487468856391
87577194,0.7728812619338312
87739119,0.6379896119724979
87895230,0.8789439481652486
87995074,0.5000000000182931
88029605,0.7600903339475388
88391917,0.9414003741482272
88440951,0.8986657898326895
88806135,0.588539183499064
88886224,0.7251873524639375
88950628,0.46025560545215655
89028552,0.6222520781986411
89084845,0.8546986124393556
89171486,0.8874938624925615
89173312,0.9664386298144365
89178609,0.8838301393830228
89180772,0.8409902233658586
89236547,0.691221492107955
89355292,0.9072764212732223
89454507,0.8454271894795214
89760446,0.8167254119020942
90025645,0.8963523492198064
90064415,0.9215357676319264
90072444,0.9240580350918559
90093601,0.9740434310903874
90100281,0.9338574318763089
90161571,0.5000000000812308
90354701,0.9483183511647792
90705426,0.723501647700162
91212743,0.8346331861202616
91214473,0.8555572882240643
91218792,0.8256719528739621
91261092,0.7737307514527201
91459379,0.9665228009244603
91473332,0.712580782893319
91631039,0.5000000000360247
91785854,0.7803131153731427
92073444,0.6450008420887002
92190863,0.6520873513391297
92235954,0.7305155923477031
92328557,0.8069931973529298
93148339,0.8328854011120798
93215257,0.7679505934740853
93242128,0.8890884394550065
93305622,0.7772928457754302
93391835,0.9999999998932614
93428534,0.5701194884056393
93463115,0.873060907555671
93484748,0.7817521228720863
93562478,0.635188552727095
93794394,0.9040541247885969
93875112,0.24886295167343195
94118729,0.8859053330415936
94207839,0.4999999999535044
94233912,0.9090570467530834
94328565,0.8913723500903281
94353721,0.8540489870976982
94515144,0.7964803769582056
94646805,0.9228698201194745
94927889,0.6038619490162004
94970325,0.651004727487009
95099679,0.872726471635652
95162916,0.8677878026078889
95407621,0.8838592639655841
95443773,0.7857364610217561
95605028,0.9412708486014925
95664709,0.7222419011012802
95935215,0.7677171764462509
97540592,0.8749150738877147
97820802,0.9686725316682745
98472285,0.7150015874405304
98633669,0.8903650559046585
99049712,0.8492143465705746
99622806,0.9369736861139821
99958236,0.7414330389406936
100082558,0.5000000002289071
100274751,0.906084433574996
100980294,0.89533518720661
101109498,0.890111163086828
101172960,0.926638060149076
101873199,0.7406433963184232
101907577,0.8423406903281547
101913292,0.8539869929812698
102160623,0.6559854957008773
102458289,0.8852833351886911
102660636,0.7805439674270291
102893583,0.7387609412313649
103384372,0.6505640010641889
103453843,0.9258008727189492
104259854,0.819109865688135
104273910,0.7919843502317165
105003809,0.6992987503469117
105348598,0.6524782994682514
105597523,0.7816256316305172
106281508,0.8030450861656349
107697724,0.8382774516140954
107715124,0.8291099817060829
107869777,0.49999999999997535
107909303,0.8532786579077901
108451244,0.8133682179889492
108520502,0.641119177370945
108594196,0.8912499766152406
108677747,0.9116541894265742
108719278,0.999999999917892
108825067,0.5000000010290454
109010294,0.9269841360994581
109174652,0.7517537952648998
109530321,0.7444430413200656
109537374,0.762149378197368
109718936,0.728124886615394
109873712,0.9178557942761909
109981974,0.8470933079267403
110033254,0.7935712688855412
110081594,0.4999999999297765
110139667,0.9534051412394651
110331176,0.5000000002666863
110339708,0.5551085307212047
110830317,0.8545472008479205
111374865,0.7853858481831648
111456939,0.924722937076578
111871789,0.9804720859319438
112151648,0.8144904322840056
112338284,0.9015625602090465
112353736,0.5000000004840054
112488514,0.921721363964037
112509883,0.9208344502131987
112617506,0.8801755612155737
113092816,0.9833299020847643
113236058,0.960723202730599
113238871,0.8917698922781434
113295942,0.5847387978163756
113336842,0.7790893622361996
113349293,0.7015540072393113
113418522,0.8490447915136125
113433303,0.7954760799743812
113445207,0.9172531581883505
113460239,0.8460256435082023
113786888,0.7573609074026767
114541429,0.7834839919098968
114894688,0.859735004234393
114953829,0.8387656443034263
114979261,0.8660141790575668
115397143,0.8382905566063918
115717984,0.7716808120228251
115821542,0.6976760780349983
115987376,0.6820377158992528
116255578,0.7600940605028284
116373146,0.8782215809779618
116543701,0.8602551964315872
116550923,0.7434225231344618
116888869,0.8075949358220583
117120032,0.6150617345727816
117121135,0.877840013197096
117358847,0.7782727974746351
117384916,0.8970882207873259
117400927,0.8038377460374473
117914620,0.7752377414531317
118236409,0.7891807079081103
118245058,0.6378066781019978
118246966,0.8712740666967713
118502003,0.5199954744241517
118519944,0.8445906218276389
118822421,0.8711502991474306
118935507,0.8520159956579848
118954952,0.8191119745257041
119158603,0.9036491918957812
119256260,0.8996825910736148
119324052,0.8957030876124956
119378267,0.7660277323304207
119379120,0.9925865033703845
119458472,0.9072203286320155
119484617,0.895610013328004
119489324,0.9053941433818156
119514870,0.7584478209368866
119728014,0.8632584386918694
119728080,0.8461014542358174
119776391,0.8868733797366963
120011380,0.9105225689315626
120014307,0.8970368440439516
120541688,0.6426092910257286
120913289,0.8774875889382979
121108972,0.9967532439245286
121267017,0.7727918162349534
121340276,0.8768125571140327
121525170,0.8246354299224292
122702594,0.935680930376555
123012612,0.8445841107526699
123130716,0.8313170742550011
123153490,0.8078967427931314
123295674,0.5423550438725626
123541137,0.6727564758255047
123740574,0.9965097011880759
123846569,0.5000000004691172
123925643,0.6934994926966411
123926142,0.8974574604275092
124200280,0.9708324046492758
124277189,0.8598265773913791
124316756,0.7731446925609392
124367685,0.5000000001274008
124389875,0.5000000000153915
124429121,0.7482821399136712
124811321,0.8715849598216296
125021057,0.8052049645670776
125129442,0.8624189416215666
125195466,0.7788249823018771
125256973,0.92831502579272
125286454,0.6906196111432061
125832406,0.7542170339772073
126060085,0.500000000173117
126317457,0.8229244419200886
126369748,0.8469872438572348
126417887,0.6949393629469269
126577398,0.8690052744060457
126609326,0.9999999998938073
126683456,0.8671779598961091
126746266,0.7597552339542697
126831790,0.9073806597862384
126994241,0.7371582280852438
127165440,0.6281271787117957
127374417,0.9133925689793282
127504506,0.8844852060248292
127724342,0.7562222981780631
127879708,0.8283639091180863
127894694,0.9070954355904248
127905387,0.830703710408935
128291438,0.7876779712214483
128299428,0.6513529841534766
128602060,0.8164143004572999
128654108,0.736633658561925
128700541,0.791830035790718
128717584,0.9006033363031447
128938905,0.9550466594106807
129230048,0.6872531232869022
129431489,0.8474691651773099
129468051,0.6464610455201394
129530990,0.9999999998515591
129570820,0.8690786924535652
129608366,0.9587660668221945
129770280,0.7207987198696415
129807449,0.6894679646566956
129844823,0.8888978633504447
129977424,0.9999999993523044
129978904,0.9321056005492674
129979131,0.8026558057154963
130338223,0.8975510978315662
130360628,0.8592492806967906
130404083,0.8912861716934286
130517102,0.8327445794177948
130955419,0.8216475685445999
131002663,0.8302975485530362
131046344,0.8310789907397399
131323114,0.8392834938114544
131789867,0.8599121599287392
132115281,0.8251376987701782
132456766,0.9273564445579283
132467475,0.9353830885626225
132897787,0.7615401032093738
132978367,0.7520550221675675
133288320,0.8095212017698052
133305301,0.946516172285604
134253422,0.6136616598606089
134284428,0.894171440324554
134336486,0.9179267215607243
134391258,0.37228761458221177
134737539,0.5000000001150726
134813532,0.8562424241859711
135348233,0.7759115793956288
135406784,0.6685580640047557
135521398,0.972545587845321
135609643,0.7560360014074987
135653352,0.9272391691824438
135800307,0.8857359335854216
136462765,0.6992017827769543
136745381,0.7458694943882609
136754601,0.9694262592585354
136790522,0.9043269664039805
136812391,0.6282502293413823
136909313,0.5399062878238362
137046792,0.9374568354238411
137565651,0.8758256874593633
137934875,0.9724902054569349
137970254,0.8066077018984427
137975863,0.8744438250876206
138024611,0.7879282326029315
138402127,0.851283097605563
138659351,0.6966284105177964
138660827,0.9851678777006561
138669202,0.8635940524272634
138851313,0.9085976578619487
138877587,0.6733976546377822
139104082,0.8828341024431547
139197201,0.9158927174534237
139204183,0.8619817614285974
139301166,0.79976116289963
139364367,0.8828254729480474
139393434,0.7837637192234768
139861626,0.8573376156289474
139876952,0.9242912048964574
140110796,0.8777812440120759
140151565,0.8755308925426071
141077606,0.9205334389849542
141648229,0.7450547023622258
141731807,0.9268435623204413
141787179,0.769753377204706
141800393,0.7717814070868001
141892590,0.6977097429420345
142025492,0.6858475302377536
142080390,0.8923904713730622
142232989,0.999999999734174
142260394,0.8526370484889711
142276101,0.905236572057392
142487252,0.8709522023340939
142496886,0.7753242803995413
142600000,0.41500836382181533
142841301,0.9085622360774985
143279416,0.8968284771171082
143645593,0.7441088758402185
143845170,0.8434362673670698
143921840,0.7897607614274353
144764169,0.6246903189260289
144832959,0.443628193714922
144929715,0.9040688630653257
145024693,0.8464817134840897
145291064,0.5000000000122576
145585808,0.8333940366584872
145733437,0.7689290797626698
145873884,0.5296492623538815
146220194,0.9999999999095692
146782978,0.8757627866945006
147258882,0.9439178499043732
147373530,0.891144455940644
147477969,0.9957287197516849
147539366,0.8245191052577174
147548412,0.9149423373258909
147998503,0.7948964084141561
148096479,0.9430373899986503
148743374,0.7921345526066148
149195252,0.8446090702994942
149791648,0.9999999997650301
149792472,0.7264707341467349
149800247,0.8687510283860638
150102132,0.8814917324404058
150467991,0.9349074266507749
150829788,0.9415749953487389
150863016,0.8340731475629876
151095525,0.8735113477605766
151288387,0.5000000000165639
151313556,0.712683327055296
151531365,0.8502449053854644
151569299,0.8014210199586063
151600471,0.8341130570108589
151674934,0.8011793072104806
151675970,0.8416897765275183
151879808,0.885788394627335
152171159,0.9999999998493239
152286422,0.9508795883571453
152423332,0.8797187699070683
152501212,0.8454455672585873
152536848,0.8455957181964101
152683302,0.8903682989614228
152767138,0.7806275472732825
152767794,0.9779946475201047
152831880,0.8896971896415778
153372124,0.7950554337772744
153492161,0.8731025820022138
153639411,0.7892255824802856
153697608,0.7488662640471861
153792193,0.8335724845062512
154184667,0.8654896024061504
154243877,0.8745695809198143
154267657,0.8303625242409434
154356847,0.863654039420074
154358092,0.8564537447670584
155267618,0.7746579140656276
155447777,0.49999999998731703
155722389,0.8010584592027677
155861762,0.8433197345878427
155864125,0.919271714285224
155956174,0.8923076257542253
156135369,0.8058288355833597
156497134,0.8869346286566595
156518462,0.8665665891496448
156522891,0.9863882915960607
156586487,0.8019445723027501
156806882,0.5688683214289187
156828665,0.751173370782946
157235320,0.9097891784442844
157245256,0.7267365957638918
157387527,0.8624306182123875
157616698,0.7300946157990783
157806961,0.8623966383923085
158028677,0.5000000008634589
158189102,0.8137422932675369
158356096,0.187711235430401
158574060,0.8502795843114365
158673607,0.9018141336283317
158705890,0.7273113228020589
158862145,0.6542023625024413
158924504,0.7887684952414757
159197262,0.9567530250381956
159639017,0.872279535463802
159716946,0.8714284292091933
159899059,0.8983795390586475
159909923,0.9999999998883574
159990121,0.8816536219162019
160127501,0.9999999998970464
160178931,0.7313094398393533
160198454,0.9138367792893962
160401483,0.7832282460195511
160504463,0.5000000000136305
160734535,0.5001421920018229
160821842,0.7967194279551121
160854121,0.9441695056287713
160916608,0.8380366427969923
161036911,0.8743616197019024
161086838,0.7446364566664307
161095180,0.7944040263132051
161295951,0.9353885573546572
161300328,0.8563909050131742
162007076,0.5000000002553143
162064746,0.8789885267555231
162300775,0.729483626505376
162930936,0.8966936521482254
164385044,0.8408907183131695
164478416,0.8477744361963266
164555643,0.8560899634638552
164966378,0.9666651152050703
167351850,0.9582094183073264
167648004,0.2819742391293085
167946432,0.8775408012800602
168969552,0.7828185620022479
169084271,0.9128198649742132
169102988,0.9026742326880068
169319291,0.8994158556759027
169522187,0.7305231192529262
170255627,0.8094146690533656
170558486,0.9124168919048627
170740861,0.9647776422967886
170901167,0.851829594783891
171635121,0.8694063489740305
172084351,0.7845084136177123
173949997,0.9128487397375291
174837727,0.9157509352976931
174908085,0.8802806773929911
175433449,0.8654908673282312
175634574,0.9164158219935603
176364087,0.7174159833835376
176478811,0.8401074705079642
177218776,0.9156631757725895
177218904,0.7436143458089677
177567347,0.5739628886951414
177649525,0.8910612012359483
177919760,0.8011582939214441
179207077,0.8163566990773425
179622140,0.8037368229769566
180137745,0.8344132500601111
181028549,0.8641642751161709
182575568,0.769413877538903
182616538,0.8407597737217076
183349577,0.8317506756729591
183573961,0.7620866471796748
183752252,0.7231136846567645
184251782,0.8178329011375072
187104076,0.7533951527267225
187250878,0.8482398912580901
187264692,0.8726180444707237
187691052,0.765837802909023
188614680,0.8949645562139833
189656037,0.8269566360049241
189708547,0.7191007141003454
190795663,0.6692809287701111
191021207,0.8249409591694044
191427228,0.8940110933230483
191493314,0.7367365260465993
191562788,0.7509152293340677
191982247,0.7512441042961415
192091379,0.7684218471099267
193116270,0.7872571155954019
193418461,0.7883888909651746
193453373,0.8254928924865155
193722446,0.8460079230935903
193758402,0.9999999998050948
193851266,0.8297808844342491
194220116,0.8955692549586857
194267729,0.8245947698349476
195918983,0.7861620389613686
196503855,0.8989459846453516
198465042,0.578450234609292
198850990,0.8686759510846815
199037904,0.6952030433753735
199174185,0.8642727194324675
200717650,0.8223040231870056
201360069,0.7689997896526838
201588256,0.7322930926236226
201688526,0.824922666158562
201865263,0.9829304184462971
202439987,0.8522310307753533
202969105,0.9214925211976215
203034297,0.9331945358444955
203200867,0.8294707210824332
204578648,0.38042633540585225
204620135,0.5000000001655163
204939923,0.8098796142841564
205028161,0.806296602813031
205217971,0.7982685476515097
205327886,0.9266712141020281
205381671,0.7013992694991235
205853019,0.6966071177148718
206286199,0.8397231968668951
206482858,0.9999999998013778
206536402,0.9144965850285431
207454436,0.8765561447275365
207599912,0.8015077965501497
207943906,0.803422148563172
208068448,0.826592074258288
208709456,0.7963339921152947
209044260,0.9286139217680721
209281471,0.8759485747508318
209303789,0.8826813397426896
209332369,0.7662229445442366
209391504,0.8744633883021911
210419083,0.84140373089676
210522176,0.8599328410104403
211045827,0.8192167085947822
211269782,0.6470099611210665
211943858,0.8363103747627437
212371172,0.8738800218127492
213016739,0.7655173261382893
213193600,0.7798994405220243
