ozon_id,mace_score
186913,0.7236146902153345
187130,0.6930631102937445
207170,0.5404043947823887
2626863,0.756908490388481
2643699,0.7806866976572636
2938261,0.6598946501995506
3120549,0.6972612010892796
3195495,0.9890120423198071
3301387,0.09069809109860338
3486070,0.5077997517296093
3612060,0.8824943065479084
3631032,0.6566167961532343
3636620,0.8987365983486072
3704055,0.7439797758445647
3738006,0.8217685269482343
3740929,0.5316976747286061
3808907,0.010000000000000009
3818568,0.7814994159101826
3931361,0.6992754994372702
4153849,0.46111822761074406
4268559,0.7472179802460392
4288593,0.7139094442660603
4339060,0.5544105103207181
4611874,0.594595901407797
4769891,0.587687860731275
5035442,0.6870793112912963
5204378,0.9023553243550029
5240088,0.7048428308546311
5332925,0.7586592778025056
5343291,0.573016516247318
5536852,0.7047714317575972
5540744,0.8622863229846522
5583201,0.7745521683269625
5755001,0.5159291144997193
5842059,0.701879397930689
6075953,0.820566212933113
6213558,0.8084893738510063
6286816,0.7026707606233737
6389366,0.7628300531606107
6686133,0.99
6702432,0.8215983892859894
6800749,0.8033578040779612
6827247,0.7174112789280386
6874974,0.728338119113225
6921689,0.010000000000000009
6937103,0.7389914710004102
7002972,0.44586244317227575
7056609,0.857546750312645
7073021,0.6224810563653402
7166030,0.7476569054424492
7184421,0.635615357859681
7211289,0.7052434836786777
7302650,0.5891203957024282
7485588,0.8193934853576731
7513156,0.8000364563610003
7565376,0.6426916752219678
7607260,0.6323357370242126
7607748,0.723828127665529
7651721,0.7122550678705197
7658189,0.010000000000000009
7704656,0.4916320408764031
7900476,0.9015083713148673
8005419,0.8740760045739825
8038088,0.010000000000000009
8225789,0.7122178945910613
8487333,0.863667233804409
8752891,0.8548823097698242
8844342,0.7722072017127253
8898065,0.010000000000000009
8927399,0.6712823640215273
9014201,0.90753191737935
9345795,0.9385366848403198
9395659,0.47678046870648294
9671222,0.7454467662055515
9701638,0.851178596604745
9725179,0.9338391393883214
9930745,0.5813575818470769
10127317,0.5749589609251624
10331351,0.99
10341596,0.6499574260058341
10345814,0.7631328022907838
10406840,0.7126658905695609
10783208,0.7606975553284967
10801690,0.99
11026391,0.8327549420138424
11080897,0.8317665679966164
11388527,0.5931118075777582
11428621,0.6044716328104511
11751997,0.9104901041490373
11779936,0.7151109900338046
11879383,0.7917752318603596
12280656,0.813312302237933
12414320,0.7705846997104179
13152769,0.6590451117505245
13341303,0.99
13354965,0.6191938119364573
13468806,0.7822752660769186
13530406,0.7758541548763906
13694321,0.810635523466166
13762492,0.8173307022214128
14151693,0.8803344144536522
14186098,0.7334293714980821
14190355,0.8484637276850263
14223478,0.6387316862010851
14447507,0.7429383419922739
14571496,0.8265647779160104
14650412,0.47963012947821726
14699165,0.010000000000000009
14753110,0.8436118071512129
14850022,0.9591274409295286
14870262,0.688428271573807
14879168,0.8718684666425689
14986561,0.801223664668413
15003558,0.7223747183984135
15166638,0.7552506676241005
15278795,0.5849717107540895
15369072,0.8001147614538195
15892063,0.3603854214179858
16034075,0.5913167610913914
16058535,0.7698228766957697
16085026,0.7546405944145537
16135011,0.7306549943938622
16144856,0.7949693078987878
16438939,0.9544822448166429
16895551,0.45006346056690727
16898236,0.6217156598681888
17152231,0.7167424254653423
17227147,0.8313586329096079
17242183,0.5219491925768462
17357175,0.99
17448192,0.4342044630784214
17453085,0.8820830058990893
17464351,0.8862234384330254
17608236,0.7494584896477352
17667344,0.4862484752043411
17763668,0.99
17786585,0.8648229507553719
17863940,0.7876738740002114
18396576,0.010000000000000009
18700810,0.5194505965224689
18800267,0.6814369495623692
18955909,0.010000000000000009
19003577,0.5496818993409014
19014327,0.8707308265502358
19221727,0.758966269826439
19513020,0.5495502394602086
19572866,0.96455036687545
19630725,0.768345652180109
19732224,0.8530945284040281
20116177,0.2620210442902885
20630111,0.6524634016344697
21106516,0.9320555998389077
21365697,0.7179174432461395
21648791,0.9077437946095022
21771266,0.99
21888015,0.8538785861438711
21930436,0.5526389192145
21987424,0.7710829845875606
22453672,0.6767360139394282
22469140,0.7581309521848001
23142599,0.5603298048146246
23377953,0.8743642398588611
23428861,0.7032471158436779
23739020,0.6170891633357501
23995322,0.72161124480479
24111396,0.3724973321718936
24170371,0.7888877044320108
24709396,0.5937441697527592
25005594,0.8682951735204544
25081363,0.7489650425051211
25102846,0.7491490150863089
25103008,0.5829000668973037
25115641,0.822517128415298
25203507,0.8189901804112412
25260851,0.596424504740787
25762053,0.909843949231257
26112851,0.6346288674192659
26189198,0.7329444918788367
26223215,0.6750844242535929
26495075,0.7404539747156715
26501243,0.9156399128352603
26611167,0.7207911173474797
26807900,0.7093520271561596
26945949,0.37608162663987876
27064115,0.010000000000000009
28009717,0.5294934196070158
28102316,0.3352662260860192
28108064,0.9343207344977339
28255181,0.8750773450789231
28291826,0.8664786698714411
28332244,0.7940379093944868
28360109,0.7883808720994203
28568508,0.8303477427720828
28671162,0.5614492126867039
28711728,0.7666963159974751
28940506,0.6389446385716303
28979857,0.99
29143099,0.855041443660785
29261337,0.524424269719606
29432532,0.7259724054654908
29512122,0.5195708771702008
29538855,0.010000000000000009
29573814,0.731791900055915
29666043,0.8595677339524582
29745561,0.99
29894780,0.6952291992490978
29900475,0.945132832884537
29926664,0.6393326803544758
29939112,0.7652036816275782
29949469,0.6696559953818484
29969891,0.46935402013142546
30066445,0.38710226140781545
30102581,0.6675223822863889
30225560,0.7790183856718125
30239544,0.5627508795376657
30294951,0.8367180844030591
30440661,0.7839096035971164
30462033,0.31889361239567526
30504473,0.6258808866915031
30521527,0.7212900217064145
30599048,0.5457703420677019
30621565,0.7069921668684969
30666880,0.7182285916196808
30788185,0.7842145296395068
30827383,0.7642331951691878
30992919,0.010000000042294954
31011185,0.6688834831974242
31012073,0.6567055496850358
31113085,0.99
31141527,0.7518620252974481
31192739,0.010000000000000009
31206332,0.2595530816434046
31334233,0.8321609600164055
31361122,0.5723283055493912
31520035,0.6468663557122094
31548893,0.19108641123814507
31597771,0.8052102642854271
31776074,0.8531023737977406
31781949,0.726243124114792
31924095,0.7740146906968699
31955408,0.6862093052336445
32164590,0.5271173674923029
32198016,0.7461473174123694
32216277,0.8827534054573938
32223362,0.8769256309965687
32244027,0.54951948907562
32309192,0.5517112186615458
32359554,0.6911538326516117
32505988,0.7418195614908576
32510260,0.07578929791068756
32534998,0.010000000000000009
32691199,0.840177946950484
32756105,0.6505337739186654
32860805,0.8736702024242177
32928452,0.6732408458713005
32947233,0.6331204303502485
32966186,0.5728830791956121
33043570,0.748255421504772
33088573,0.5656093859949727
33103076,0.4822303123944971
33153168,0.6138281033339035
33224551,0.6411135732715196
33280064,0.8085682098609448
33294145,0.4346494867718377
33385092,0.8802661716392595
33556328,0.8082251714877686
33613114,0.46065254924751
33628173,0.6265260636988527
33662303,0.99
33668959,0.7058954883385891
33678095,0.730994622697002
33706974,0.49485402474576634
33748031,0.7467548136260511
33880063,0.81849615994245
33992327,0.7824267448600442
34001117,0.27349340276136425
34067598,0.6207970302553398
34093373,0.6650773918039291
34098938,0.5867294048401013
34172481,0.860100242033698
34245094,0.40989930082646053
34265226,0.8130266162870886
34419630,0.99
34428475,0.8258625066515877
34490684,0.5485563542762981
34611276,0.6200498329949764
34706225,0.5081397157434873
34710160,0.8113727204158723
34744294,0.3252961668182941
34830999,0.7524055378470337
34887749,0.01000000004354562
34913609,0.05281403833583831
34962480,0.4914871912064809
34969711,0.5197296323934513
34978606,0.11945336179166288
34981564,0.99
34995495,0.9319839770553444
35048627,0.8421289810600985
35103315,0.7465297715075012
35108834,0.7941416393860967
35202775,0.8746640447531913
35214247,0.9055616189165624
35229411,0.6003408716625884
35284399,0.6140860606363543
35424358,0.47036225495049155
35432507,0.4452655722016903
35435523,0.7952607102744516
35485538,0.9727797034779542
35521606,0.99
35575119,0.9072639530898395
35584304,0.8006096993604697
35610583,0.7554126366837928
35638844,0.7247489026909213
35646389,0.7468599149941099
35719310,0.47171469831807966
35751555,0.8311115529811812
35813611,0.8360829585621722
35841194,0.6791111469836133
35943477,0.8244015793877648
35981246,0.5469830960144062
36226513,0.8421172121823878
36233079,0.27843412451024396
36238424,0.8200611200647898
36300372,0.010000000000000009
36365086,0.8137380668844353
36450334,0.8007213611631265
36452485,0.8141894239688303
36471091,0.9325954683050495
36477841,0.5789764393045682
36559923,0.8826109142668854
36611248,0.46293632487769687
36762439,0.8725091018759517
36864564,0.5943725819796348
36983814,0.99
37025291,0.657029759114055
37036462,0.8759702428274949
37054090,0.8024972656607284
37158854,0.37354269853085276
37185411,0.6360566008452718
37199187,0.7155078228554641
37349054,0.8850844928657504
37406543,0.6142441207978382
37471103,0.8703874957199776
37543322,0.40770313380208556
37555570,0.5887895901109491
37615116,0.010000000000000009
37695056,0.5733784881816181
37737076,0.7251265633386954
37744348,0.8019237638467531
37761248,0.99
37783968,0.8180895104093204
37784146,0.5805182220080762
37917917,0.5770340069167292
37926013,0.5961393782447186
37926475,0.5370685573750327
37933906,0.7112049776595112
37983271,0.6161392203517813
38011876,0.5596348650867775
38072889,0.5828633300366928
38076399,0.973351030837194
38099735,0.3628772567157367
38210870,0.6700061962414232
38270100,0.7376826850396658
38354306,0.8193501020044364
38438562,0.8180015522861847
38470682,0.743914177075411
38606988,0.831787187508371
38610364,0.5166008656942995
38634584,0.911676319308171
38637212,0.8509868275965438
38730352,0.6516970136722353
38881769,0.7445093725214762
39039792,0.7605546354592803
39092537,0.8767823902091457
39133379,0.99
39150142,0.710955035972513
39153474,0.5833121805289149
39198269,0.5255383643854072
39203436,0.7087191637152396
39206512,0.762758442106903
39233682,0.4957100303117423
39291160,0.48409417029912305
39312440,0.99
39430634,0.6571653944592493
39478722,0.7751152651930522
39605320,0.610379668128277
39690250,0.010000000000000009
39795716,0.8991578320998322
39826964,0.3003638893988094
39840161,0.7103028965356077
39869190,0.010000000000000009
39903958,0.6712758143544182
39913973,0.7202606176490581
39916190,0.6421234827744147
39930792,0.9010115576351118
39989333,0.41049239259413584
40028942,0.6476832405300346
40043933,0.6584333381279794
40206874,0.6558477465050387
40250947,0.010000000000000009
40330108,0.7958914591962818
40355566,0.9008018118761978
40429240,0.46789676326530727
40436996,0.6273546527128565
40575545,0.8568682658515547
40633265,0.6462506683174815
40669328,0.99
40673794,0.4706650729565536
40678392,0.671953932092428
40749428,0.755599037152494
40816113,0.6428487663209355
40827057,0.6151437896541144
40897074,0.9376540281134633
40899735,0.68204370722541
40989099,0.8073166430681882
41114681,0.6415815941301195
41162560,0.07225233607410042
41225558,0.8038970044184519
41241057,0.5965199319830479
41250150,0.8382159343459872
41267389,0.8099114813388316
41281114,0.8476519095018255
41291987,0.3904768838300846
41349892,0.7618058832450924
41357172,0.548737389370791
41376352,0.6371095103488732
41388897,0.8808749860810372
41433182,0.8242726458027229
41455293,0.24441438285827044
41488315,0.30178506610701616
41489450,0.010000000000000009
41610332,0.6537090926708591
41791184,0.8280010993773285
41805286,0.7606748402626036
41881283,0.39919286014199784
41939339,0.8960476989257641
41999955,0.010000000000000009
42141813,0.8815472003125074
42185559,0.679221122099295
42249762,0.6689308503761411
42263546,0.5875639890378425
42335622,0.7695115052071578
42348595,0.570501118431886
42364974,0.26743497156214835
42366308,0.7786422040203771
42456941,0.5867817718949663
42460312,0.3460944290697918
42501335,0.7166158252657073
42568702,0.6152901410317744
42658104,0.6349789926617964
42674402,0.8637927981720575
42771567,0.7680202173637816
42835517,0.8587325830848854
43007504,0.5650410330405563
43141843,0.7642646358921141
43161195,0.99
43258729,0.19189467170271257
43519723,0.99
43539159,0.7900019738374668
43541843,0.7880223325599776
43592329,0.5788412746493625
43630398,0.5235266275850419
43646104,0.010000000000000009
43653765,0.7757302382763199
43673000,0.7322406151809185
43768419,0.9222601453461333
43874412,0.6830892911843789
43963539,0.7383607414343223
44018495,0.6044425567350424
44033176,0.99
44117685,0.8335942386204613
44170164,0.8800954052656287
44226484,0.3457022548604588
44229690,0.5335275367918835
44230689,0.7283643918854781
44242766,0.6309625138920929
44245897,0.6111847779225972
44271050,0.021440673357776663
44361896,0.9128799745563888
44380607,0.8299884269786785
44471810,0.7776886285214136
44569262,0.6154163438557838
44593907,0.897980315437764
44611041,0.726279005292999
44627764,0.5603983221127088
44680042,0.010000000000000009
44710115,0.5837527427531592
44770233,0.5803853506300896
44830697,0.7796147955755282
45139702,0.7465279038335957
45143535,0.5451198282361213
45170268,0.6800365138533255
45420457,0.8027003796080617
45436074,0.572998251624038
45520868,0.7414683544581535
45569429,0.4239810841926601
45613922,0.7839098171528507
45749982,0.99
45781305,0.8012641042241649
45897745,0.879203255517636
45926862,0.7245729292208816
45966942,0.8456591785234414
46055434,0.6754916234836738
46095937,0.7826245993358353
46110031,0.6607338292863435
46166033,0.8207964364088205
46208629,0.7307854225689097
46217173,0.99
46226300,0.7993657336877629
46334040,0.6775317820328464
46381737,0.010000000000000009
46412514,0.1867020525812767
46668924,0.4664440969997651
46876066,0.9254021925799384
46959203,0.6833136410456463
47128436,0.6407990954276922
47207039,0.99
47304296,0.5582432287578848
47352236,0.6221435562072495
47386208,0.6251782229659493
47628852,0.8111677530235413
47631073,0.42802461062195274
47690920,0.8203466079875806
47709762,0.588011262600833
47779009,0.7788711238091239
47802667,0.7512308091214353
47860153,0.8538608439463065
47869587,0.5435004584491069
47884661,0.5834467604441275
48071369,0.8780863063777331
48107053,0.7870886459693828
48155700,0.808375180495225
48225818,0.5987576982039289
48266692,0.99
48272479,0.9135873124985959
48322294,0.7894174674603394
48424926,0.8630958557785454
48636451,0.7664108954660974
48637799,0.41833070918848114
48817946,0.6616423281186319
48836924,0.641463325597978
48845076,0.8055458803655784
48944426,0.678764858677078
49000730,0.8984151567438402
49046551,0.46360637416595263
49328106,0.7167687401926381
49398819,0.6978507745703556
49420270,0.6981302979836519
49461796,0.950601530649556
49466153,0.99
49470413,0.6738581796749301
49487013,0.906691356132769
49521822,0.7254615090319476
49549079,0.5518375265488935
49639093,0.8451766721153747
49693348,0.010000000000000009
49717367,0.6092467858891122
49774482,0.6296525137337523
49777676,0.7312019418944538
49794385,0.42877965115132877
49967917,0.6671764413703056
50122215,0.8037936066907688
50141105,0.4156375833554208
50148433,0.010000000000000009
50447025,0.5476593512915153
50501709,0.7302757975730958
50710824,0.9043300813699171
50794611,0.7514039601709075
50832006,0.010000000000000009
50837790,0.7497852595274204
50953569,0.925141554431965
51034361,0.19819313779216197
51093209,0.8388234035076025
51164746,0.4710546084710724
51173690,0.6396986629973672
51205876,0.7320727718876336
51352513,0.7274951359116093
51354126,0.04727684028814394
51354887,0.796461287986922
51494120,0.9428097948721389
51525687,0.6578134481627778
51613099,0.3613496965667865
51667485,0.741537834423669
51725219,0.4541168154987012
51735395,0.6640685936963793
51749291,0.99
51856014,0.3011584623877507
51946947,0.6023920905427058
52192640,0.5622315855849145
52228170,0.4388068125075173
52281599,0.7271412626032233
52285798,0.7208012423418491
52380891,0.6058124964194901
52672808,0.7639319830658778
52680950,0.46009459337232006
52701262,0.6454366146311437
52910697,0.7762405205795517
52944756,0.47797508563878743
52968304,0.7478444218420728
53093426,0.8657340464763097
53125252,0.8176364087696361
55011739,0.6049144462105709
55048853,0.5429257234638595
55168110,0.6285935439124404
55327077,0.8073577490411954
55377642,0.5012100026057401
55526024,0.7393599184418402
55656798,0.99
55713121,0.7721476777502769
55841507,0.7484723653131348
55898484,0.8415959411702646
55978551,0.7893403186819357
56025601,0.675460903584197
56139557,0.8362855947615813
56195614,0.869454790571839
56376677,0.7828338710017336
56418238,0.7253675829130082
56452965,0.7232878849243616
56471632,0.7640814249717963
56566173,0.8609571325187426
56606047,0.8001621846064984
56610237,0.7128936543320671
56640318,0.010000000000000009
56712111,0.010000000000000009
56726829,0.99
56775339,0.9006708100434077
56803643,0.865397922902157
56899985,0.5862120180681425
57012945,0.815749764936976
57051308,0.6864823214028533
57142236,0.512581286982049
57254863,0.7680958665086955
57265985,0.7442326283725762
57332208,0.7225167816779399
57538516,0.7498377164668534
57540623,0.9060281712427054
57544322,0.8659077434313672
57793699,0.5103687720322683
57888351,0.5836337529381631
57912809,0.30151364828940663
58219032,0.5933795565781399
58285504,0.6404014664962311
58412763,0.6886585410617867
58435686,0.663475159568353
58489789,0.4573868268349722
58716471,0.5190212738385642
58855732,0.5444604895028661
58941588,0.37690030557045595
58952761,0.7532243907408633
58970094,0.6789181512777034
58973770,0.6157582656864908
59012803,0.3607913807209303
59020992,0.7303476786959723
59091259,0.99
59211869,0.5751837226107054
59335023,0.5932829478558711
59343578,0.7909709447055727
59530662,0.648741941345095
59585042,0.8737634598290022
59599758,0.7182679860573811
59600765,0.6550679534864426
59655533,0.6100810730478728
59673432,0.6236902919217776
59823093,0.48039210889580763
60005207,0.8434803944890101
60054753,0.377059627432328
60075502,0.6431693727738943
60082929,0.8289676531895696
60169445,0.5692503993098292
60240445,0.34120838771158846
60285332,0.6848597350383514
60452322,0.6748752303398491
60566244,0.6388061719066264
60574407,0.4999556985442397
60760525,0.6285064178771373
60827375,0.7300268414795857
60929812,0.8957680991893013
61060669,0.7836143594329803
61211594,0.5914611587699365
61463180,0.8482643420811873
61620258,0.8381161646215545
61746586,0.8464964892108106
61763793,0.6936475373201993
61819987,0.8950616949722339
61928391,0.7739019008385948
61934412,0.7566302331141931
62001500,0.5250018073001945
62005171,0.7829232962187984
62020645,0.8532662969575672
62170042,0.1223400652326937
62243092,0.7626988579199718
62351004,0.5212184220967282
62430432,0.8228438010285124
62520203,0.8773830665226302
62585232,0.8302224307208443
62599531,0.37572463449936866
62706324,0.6700708653623895
62799917,0.7953144210736115
62826949,0.6574293989091431
62829051,0.5881142076764334
63084753,0.6664635902194613
63094058,0.7244375853156276
63124555,0.8416249289085309
63134307,0.5804819902329336
63280930,0.99
63307389,0.99
63417973,0.8721533950267392
63437457,0.8023501664201302
63440252,0.010000000000000009
63531189,0.8787158350740546
63600319,0.59815655957429
63770730,0.6089439871927969
63924719,0.14964170329064874
63931973,0.6459068951549882
64019003,0.7757649782182126
64067553,0.9020313388677355
64081946,0.7028855256931137
64120039,0.8675824488697325
64164148,0.7199092820399292
64183092,0.7602138645219101
64188317,0.6840310692625935
64238968,0.5670080563869666
64242225,0.578002071249097
64433660,0.791534894301033
64490365,0.7972819267812995
64525975,0.7017886153678321
64602804,0.4655344249434762
64669500,0.9068318907990119
64706711,0.7328775889031929
64741703,0.99
64771037,0.17417195699078036
64802710,0.5657658345845837
65061977,0.7825771947956537
65127235,0.4343647880887618
65305697,0.672412988797665
65306552,0.4845722985800256
65308282,0.44329712902849894
65503601,0.5823342442296561
65572491,0.7415427556491911
65821660,0.7349610500580407
65935926,0.5671679718431923
66079492,0.7379151705355955
66349212,0.8475540248778569
66440333,0.010000000000000009
66456141,0.7390481638292901
66654960,0.27602101018889436
66799662,0.33240597285883455
66986952,0.99
67148718,0.8408203240625782
67191180,0.7676592123462627
67256406,0.5103020339089823
67346176,0.4950401351436624
67465977,0.7594152870543978
67552921,0.7584526725764116
67559268,0.5806258030923976
67571445,0.45581219526784167
67602379,0.8654850652765326
67744236,0.559781070231729
67754594,0.3282228397297251
67779431,0.6415782151978966
67853327,0.99
67892895,0.99
67903154,0.6870625054852127
67948427,0.6288333166227553
67954091,0.5739579530983917
68075224,0.7148494437665806
68289611,0.010000000000000009
68445864,0.47013157611178
68537913,0.8210408119280793
68594492,0.5318422876401472
68841251,0.6987429011651387
69003858,0.6884957119884312
69023651,0.7247602355856358
69040067,0.8377262226744366
69052838,0.8000292566087946
69112100,0.6178195563697886
69169261,0.8070705804540252
69189232,0.7834810062934927
69212833,0.8415019478400008
69261871,0.759250754599155
69467567,0.7347944442679606
69557548,0.813758646708302
69567444,0.556964015537665
69598586,0.7599403216172858
69621909,0.010000000000000009
69738747,0.6930810842450298
69755614,0.46037652333719326
69884918,0.3868812453519114
70270430,0.7200578431405698
70300743,0.8275879924250933
70317724,0.613638964055096
70318334,0.6064755185634034
70382594,0.8449267310909976
70451658,0.38232382979889545
70668364,0.18998505444774938
70753055,0.501025438691466
70891817,0.99
71013780,0.9263374230671731
71056455,0.38108307028479926
71063311,0.18782039356040126
71133857,0.6244436675822249
71307784,0.010000000000000009
71512359,0.99
71531749,0.39168864894417266
71574246,0.6283215061040034
71836517,0.8276223539254072
71988521,0.8538190063924368
72409784,0.47875786469442705
72418765,0.47890718602785187
72486871,0.4546761435667933
72578306,0.5747814901162075
72696402,0.3801370427816261
72734775,0.6872423305821445
72751816,0.7392453236345911
72756946,0.7563432235185483
72928429,0.4509412245889606
72975350,0.5833184465772865
73025276,0.5794346791347245
73117977,0.5336156830068899
73135275,0.7174053188715028
73272502,0.6372888775917436
73441752,0.8849024318205067
73535405,0.8532962673661553
73595871,0.99
73600149,0.20826016752316756
73608995,0.24650908862763754
74241051,0.7941943611414282
74250876,0.5888441613955673
74260797,0.8743322330135157
74696856,0.8825693945039292
74762130,0.8928824332389351
75033876,0.796675510600281
75146967,0.6382755709809163
75207391,0.99
75347994,0.6770404474948793
75591655,0.7658631390463073
75715545,0.7311322837427245
75798476,0.8147228430757574
76186213,0.6382439479030688
76330675,0.8232162256647324
76651441,0.7269018863316317
76694140,0.0726960100500319
76744901,0.5416013486902309
76755982,0.08769584837880717
76833646,0.99
76915377,0.6648303121448893
77030587,0.5755290706341339
77276709,0.3666406294010053
77345000,0.7556935829569691
77466817,0.6280372895750277
77590147,0.8171237700013164
77769087,0.7259677360874652
77878113,0.19074319716990562
78119163,0.5955175629423404
78289462,0.99
78667061,0.10591095349101454
78684967,0.42212030612133533
78775208,0.8243060199009965
78907469,0.6725548689465305
79388452,0.3822489286644145
79477544,0.4798462585005868
79717265,0.7134011527462181
79852537,0.6604761004921673
79958958,0.47669893377358896
80072995,0.859956702357705
80122418,0.37295824242805264
80284370,0.24331630613234834
80346946,0.7455712233008547
80397954,0.7324034578503811
80474766,0.7326863092430858
80595241,0.7746767514398196
80614337,0.7017504759205307
80624621,0.8116692229881927
80674066,0.7316077284766078
80693112,0.8922639666994003
80812973,0.8242411935846705
80945830,0.14198461818944574
81026378,0.5283379370766588
81089878,0.7901588258679715
81499503,0.5308518294574048
81624909,0.8533726640182528
81630425,0.7501388750902847
81655489,0.4016462438520998
81680886,0.5758393012557396
81724064,0.7045757642467236
81799931,0.7246529057635991
81979764,0.45462683877548526
82013293,0.8670096889464419
82078545,0.7919652106177739
82110436,0.3431944151820179
82177559,0.9302752442836271
82677262,0.99
83138883,0.6730445585212252
83165266,0.7066163759216157
83573627,0.7561786855269913
83869671,0.7457863792837134
83892982,0.7441425266286539
83976341,0.8638780157538092
84396097,0.678480473801252
84664582,0.99
84731316,0.8722624635339927
84806555,0.5370247914987302
84918733,0.6586702990428605
85081843,0.99
85224740,0.34387670266838355
85325329,0.8026741983879176
85399328,0.99
85467023,0.6599513786943221
85523050,0.732639475753107
85595547,0.5509103590449967
85600053,0.7151530606433136
85659169,0.524553235163537
85876879,0.5883318570299931
86113143,0.3978334022975709
86266994,0.592519547914871
86315796,0.7807858208217653
86382510,0.7760625632384514
86404447,0.4322191893093922
86474291,0.8180851824878452
86543902,0.5418712394385157
86614970,0.5912823767077962
86673819,0.3615625198252659
86837453,0.8444139510553602
87181467,0.867131012747021
87240182,0.43506864337087714
87541464,0.6528502610372429
87569808,0.7822109469925391
87577194,0.8436595368371956
87739119,0.6158602049246014
87895230,0.6300725867417047
87995074,0.4795376809451617
88029605,0.5330699555628284
88391917,0.8966408537075119
88440951,0.666785962500393
88806135,0.020211916487462456
88886224,0.42276466983957084
88950628,0.3609406358947367
89028552,0.13523419641301493
89084845,0.62421214743824
89171486,0.6549971047498744
89173312,0.8624887875430245
89178609,0.7949144295628822
89180772,0.8300739866872695
89236547,0.42849450023830626
89355292,0.8787376860730952
89454507,0.7116578879510096
89760446,0.8714974050768889
90025645,0.8368376186813278
90064415,0.8160929465697422
90072444,0.7839802835525839
90093601,0.8413900196765188
90100281,0.766565701998345
90161571,0.010000000000000009
90354701,0.757189773045241
90705426,0.5222687093393661
91212743,0.9210445267921995
91214473,0.5653046146271516
91218792,0.6340014866300535
91261092,0.6262138602058793
91459379,0.8698948034798003
91473332,0.35692399673046105
91631039,0.010000000000000009
91785854,0.6075387567683557
92073444,0.27207829427491403
92190863,0.5629663026393275
92235954,0.6374640270021095
92328557,0.5089150992169604
93148339,0.5774585890867403
93215257,0.5722235831128596
93242128,0.5550305360205838
93305622,0.9045891672286684
93391835,0.99
93428534,0.8115583368627108
93463115,0.8498157179014733
93484748,0.5041423819764468
93562478,0.4727884285114542
93794394,0.8772695494447857
93875112,0.4849270003988496
94118729,0.8157402290324895
94207839,0.010000000000000009
94233912,0.801506220929052
94328565,0.7801767305502654
94353721,0.6553928847320749
94515144,0.669356783502868
94646805,0.7649097137937664
94927889,0.15241694145491191
94970325,0.34903124328790147
95099679,0.8337416200183401
95162916,0.753228496516279
95407621,0.99
95443773,0.493698713166135
95605028,0.8376352808304584
95664709,0.6697885878624164
95935215,0.43571457371634503
97540592,0.7288281958400527
97820802,0.759982422604124
98472285,0.6125902641679812
98633669,0.8509777490458624
99049712,0.6769658836411923
99622806,0.5458498989032396
99958236,0.589598602524601
100082558,0.010000000000000009
100274751,0.7972941666415717
100980294,0.6026695837045766
101109498,0.7319458659163343
101172960,0.844574747842911
101873199,0.38680623115712764
101907577,0.6096786327441793
101913292,0.6128243655864678
102160623,0.24995676318968352
102458289,0.6765811538034006
102660636,0.5918170677469763
102893583,0.4928713531642691
103384372,0.26136682076355633
103453843,0.708664344704302
104259854,0.6184956704474329
104273910,0.9204575495443047
105003809,0.29528846157408206
105348598,0.3178427756019594
105597523,0.44128314580084527
106281508,0.677374342794174
107697724,0.5942043263548401
107715124,0.7443029922561243
107869777,0.010000000000000009
107909303,0.922302440707859
108451244,0.8542384622964903
108520502,0.39383968603621466
108594196,0.6198954831264801
108677747,0.7818926491408887
108719278,0.99
108825067,0.6361348612971444
109010294,0.9219245689396561
109174652,0.524669093841486
109530321,0.5950328909867529
109537374,0.5274428388666257
109718936,0.40521829025442735
109873712,0.6528179335692572
109981974,0.6048844340314665
110033254,0.7776838419049897
110081594,0.010000000000000009
110139667,0.83125594219006
110331176,0.010000000000000009
110339708,0.6434957152651267
110830317,0.6710750142559425
111374865,0.5347682951301653
111456939,0.8394834966660947
111871789,0.8688206642580851
112151648,0.4426381161224706
112338284,0.8523786971126199
112353736,0.010000000000000009
112488514,0.8104184657988659
112509883,0.7553988138418188
112617506,0.6468884266032399
113092816,0.8447900428317939
113236058,0.644626539995311
113238871,0.7475221364382674
113295942,0.1641186202228313
113336842,0.39646429722371523
113349293,0.2809827792865456
113418522,0.5697838832862596
113433303,0.4547717305906259
113445207,0.7536472014424846
113460239,0.6860112394573439
113786888,0.3726528356991117
114541429,0.7263552531061913
114894688,0.8166808887246283
114953829,0.5455623680701648
114979261,0.8134493336257964
115397143,0.719874568338212
115717984,0.458470353880299
115821542,0.30639986741020586
115987376,0.27040166790938513
116255578,0.7592186665417338
116373146,0.7853146430086021
116543701,0.6557398540548103
116550923,0.39458443671463506
116888869,0.5401119689616215
117120032,0.12805086505462093
117121135,0.7024101862032041
117358847,0.46390001856618046
117384916,0.709031030545804
117400927,0.6013130018443751
117914620,0.5748628772005588
118236409,0.8729542580068855
118245058,0.5460320559597673
118246966,0.6186573484831693
118502003,0.010174175550529574
118519944,0.5851638991690613
118822421,0.6777044835170605
118935507,0.781060765219114
118954952,0.496563006772325
119158603,0.6658238648772647
119256260,0.7392167213020491
119324052,0.7848411459507805
119378267,0.3900271748646691
119379120,0.9679424031111126
119458472,0.8029463544290735
119484617,0.589036910980696
119489324,0.6727942595099211
119514870,0.8493638124866124
119728014,0.5713404812881757
119728080,0.7155986979597645
119776391,0.6154840683794542
120011380,0.69811406227548
120014307,0.7628887626064572
120541688,0.2022203337373819
120913289,0.650337922010793
121108972,0.5962533486540462
121267017,0.5267638284927393
121340276,0.679610141498662
121525170,0.8018217618269019
122702594,0.99
123012612,0.5907122955378827
123130716,0.5145870435579415
123153490,0.3860311280806793
123295674,0.20580075583430935
123541137,0.3085175373598925
123740574,0.5669513082245097
123846569,0.010000000000000009
123925643,0.35016974155325487
123926142,0.6079936827093355
124200280,0.7115571170933244
124277189,0.5898644720545048
124316756,0.763593636596644
124367685,0.6281747199174511
124389875,0.010000000000000009
124429121,0.4749409247970995
124811321,0.889904879616409
125021057,0.6068939030119197
125129442,0.6983799265484654
125195466,0.7386151980263549
125256973,0.9224796511564117
125286454,0.6098228278187787
125832406,0.8013254670016372
126060085,0.010000000000000009
126317457,0.6551014027643951
126369748,0.7088653044606363
126417887,0.5539849688589265
126577398,0.6836646766924168
126609326,0.748963568155183
126683456,0.6466652604440535
126746266,0.40667549249410206
126831790,0.6369043493092835
126994241,0.212688515940193
127165440,0.2327182887211392
127374417,0.8536090003348965
127504506,0.8413871835936517
127724342,0.42155275878699106
127879708,0.6095424252606144
127894694,0.6027536202653376
127905387,0.8367104871600218
128291438,0.4929256568861442
128299428,0.6046679960742867
128602060,0.99
128654108,0.7462135243307095
128700541,0.99
128717584,0.7501014677894258
128938905,0.7667882953834908
129230048,0.2863479745034436
129431489,0.7649042463358524
129468051,0.4379435522691243
129530990,0.99
129570820,0.6835378779119047
129608366,0.8592494020720676
129770280,0.35766399734950993
129807449,0.4890697638619721
129844823,0.8287475717892282
129977424,0.99
129978904,0.6640119545940699
129979131,0.837408193047557
130338223,0.7399831213628518
130360628,0.8946072946542271
130404083,0.99
130517102,0.9242001435611107
130955419,0.5614303857737752
131002663,0.7150366050540174
131046344,0.838505534361078
131323114,0.5915793409649167
131789867,0.709022306067646
132115281,0.7389267347285481
132456766,0.7839845723369936
132467475,0.7410606175213081
132897787,0.43055384407714603
132978367,0.7155876410408339
133288320,0.5172015799494918
133305301,0.8428365909217855
134253422,0.2636947454004621
134284428,0.7774309879940923
134336486,0.7608164960764594
134391258,0.99
134737539,0.010000000000000009
134813532,0.7612840185377233
135348233,0.6691711753946277
135406784,0.8327031278666294
135521398,0.9041685095335965
135609643,0.6335337608582057
135653352,0.8895591171563384
135800307,0.7131179323288632
136462765,0.25937634775119467
136745381,0.48784114081743923
136754601,0.8778205286621135
136790522,0.7016424680411228
136812391,0.5843154042916148
136909313,0.588010836229718
137046792,0.8888240517813648
137565651,0.5669843556070215
137934875,0.811203060813197
137970254,0.28472148843859324
137975863,0.8048363537392791
138024611,0.47302203683629285
138402127,0.8112097466528465
138659351,0.13569305311938717
138660827,0.7315681270323124
138669202,0.64670414067603
138851313,0.6898202897432144
138877587,0.3535875014628427
139104082,0.6544967550716638
139197201,0.9103840769914416
139204183,0.7843930158808388
139301166,0.4576487682826479
139364367,0.6975175679854455
139393434,0.6207010648226542
139861626,0.8535167622900899
139876952,0.8850153070297605
140110796,0.9164412590175647
140151565,0.8797424408352644
141077606,0.6777066598824837
141648229,0.49878020190543204
141731807,0.7589156418232628
141787179,0.653505720832562
141800393,0.6407368751335685
141892590,0.34159435345970823
142025492,0.5174347289304408
142080390,0.8491064099979153
142232989,0.99
142260394,0.5891602004478045
142276101,0.6692727909721625
142487252,0.8096881849963389
142496886,0.6433504881207899
142600000,0.010000000000000009
142841301,0.7818897895591163
143279416,0.34721490928442156
143645593,0.49254678502128946
143845170,0.5806014014139275
143921840,0.6379154072197415
144764169,0.5183998627959463
144832959,0.43772115815322343
144929715,0.7275368895062779
145024693,0.5965126191561907
145291064,0.010000000000000009
145585808,0.7602427685231706
145733437,0.5390687809302503
145873884,0.422546156769502
146220194,0.99
146782978,0.8199040502168216
147258882,0.8034558896203097
147373530,0.7373408748842589
147477969,0.7859113033954389
147539366,0.8653779836236453
147548412,0.8404712712332518
147998503,0.99
148096479,0.7659990718505364
148743374,0.6755047086937697
149195252,0.8891408688819796
149791648,0.765457011390121
149792472,0.8758260312757352
149800247,0.7544054637199407
150102132,0.6525342176788507
150467991,0.7883121209875328
150829788,0.8279684159571034
150863016,0.8344077084479253
151095525,0.7510805726448618
151288387,0.5026833326833353
151313556,0.364075366223671
151531365,0.7664452438375398
151569299,0.6264271815870854
151600471,0.7678810275464557
151674934,0.5875370052731188
151675970,0.5581927614728024
151879808,0.5885493506555489
152171159,0.99
152286422,0.7592440194186227
152423332,0.7159746038238533
152501212,0.7140546310146525
152536848,0.5046996954656602
152683302,0.8088389817235768
152767138,0.7958697051003875
152767794,0.7320414111148199
152831880,0.99
153372124,0.3558857746842863
153492161,0.8256547303562356
153639411,0.45651554318227194
153697608,0.6676884909244677
153792193,0.6391558871151892
154184667,0.6918878610955335
154243877,0.7024859277431303
154267657,0.8091398904294644
154356847,0.5898195026628739
154358092,0.7890822003555041
155267618,0.5884812852699013
155447777,0.010000000000000009
155722389,0.7502532095929217
155861762,0.6298685737429395
155864125,0.674078749948203
155956174,0.7882540208839798
156135369,0.6625951841412611
156497134,0.7994585313172221
156518462,0.6629478735602565
156522891,0.8768258010670137
156586487,0.8673453164353413
156806882,0.08356003846766613
156828665,0.7008493458210463
157235320,0.927665134102577
157245256,0.40388639416939087
157387527,0.7292826584288681
157616698,0.4173529944482284
157806961,0.6389021261936971
158028677,0.010000000000000009
158189102,0.54833789636026
158356096,0.99
158574060,0.5929979707750843
158673607,0.7879462516794459
158705890,0.5166110848031483
158862145,0.23900705898166308
158924504,0.7204712367628383
159197262,0.7318548380004609
159639017,0.7530181542153518
159716946,0.7670083467373194
159899059,0.749759920725154
159909923,0.657270769680133
159990121,0.7738358082688241
160127501,0.99
160178931,0.36602259816709004
160198454,0.7012638230426436
160401483,0.5563675745132256
160504463,0.010000000000000009
160734535,0.010000000000000009
160821842,0.5371412611451221
160854121,0.7855181840510201
160916608,0.8471061567999459
161036911,0.9083452582445527
161086838,0.3929684530800275
161095180,0.464164153335882
161295951,0.8286209234495685
161300328,0.721203659113268
162007076,0.542761694184281
162064746,0.8213662271694586
162300775,0.520509223658215
162930936,0.6454881481902945
164385044,0.8085428983651923
164478416,0.6671663461277919
164555643,0.753309277623692
164966378,0.8046407789010657
167351850,0.7524238898749405
167648004,0.4193828831827432
167946432,0.6065678040086573
168969552,0.4269382510134956
169084271,0.7852631529846252
169102988,0.717715556169398
169319291,0.6440471162544261
169522187,0.6794757618821374
170255627,0.9404447710840829
170558486,0.7164318580922906
170740861,0.6630953629455361
170901167,0.682052828510691
171635121,0.6321254089141665
172084351,0.46489334005324456
173949997,0.7323537229706674
174837727,0.7745090303712403
174908085,0.8108615576556111
175433449,0.6474722457735178
175634574,0.7199439723304114
176364087,0.4858883803950391
176478811,0.7820771548244724
177218776,0.9185853024810219
177218904,0.6750871036136591
177567347,0.015610776189037834
177649525,0.7634382402920548
177919760,0.7547985733674776
179207077,0.5569645556018623
179622140,0.8714667923539007
180137745,0.5641732155920882
181028549,0.7354993261251412
182575568,0.5201527252959459
182616538,0.8380390607690771
183349577,0.647915395920162
183573961,0.5341078023960195
183752252,0.8008320124179392
184251782,0.7895904737650432
187104076,0.6619112434421452
187250878,0.7422162344066294
187264692,0.7472608722568874
187691052,0.8860608554510585
188614680,0.6911548536138458
189656037,0.7474322888892837
189708547,0.3964602235935646
190795663,0.33815031704162213
191021207,0.5657986163701118
191427228,0.6341632318982799
191493314,0.6906288260902433
191562788,0.4114239082124228
191982247,0.49432484332331783
192091379,0.6123211465874421
193116270,0.5438655703010185
193418461,0.30241220751315234
193453373,0.5201012001562315
193722446,0.7781120893819891
193758402,0.99
193851266,0.829068783718654
194220116,0.9651505287314395
194267729,0.9167997901375947
195918983,0.5499794528099985
196503855,0.7089719051504437
198465042,0.15999404477500168
198850990,0.844830195923487
199037904,0.4066951637595171
199174185,0.6354662505693627
200717650,0.8147217314458541
201360069,0.5626929752408136
201588256,0.6085592717889996
201688526,0.811647970546614
201865263,0.7787753366417614
202439987,0.8664383190564617
202969105,0.7578186959525749
203034297,0.7667906432092627
203200867,0.574248154726613
204578648,0.010000000000000009
204620135,0.010000000000000009
204939923,0.6653279765483743
205028161,0.5912477684285942
205217971,0.5218840901164947
205327886,0.8257954067991641
205381671,0.6960097887384689
205853019,0.40891497481046146
206286199,0.8617055384875772
206482858,0.99
206536402,0.7739492756251792
207454436,0.8984357870381205
207599912,0.6059958625346682
207943906,0.9119728592680711
208068448,0.6447906237013444
208709456,0.6668973726114789
209044260,0.99
209281471,0.8097713603359966
209303789,0.7700852543296983
209332369,0.8920593567297952
209391504,0.8247482872544583
210419083,0.7020010844215328
210522176,0.600368750722357
211045827,0.6774957374785094
211269782,0.724847155358823
211943858,0.5374831922368628
212371172,0.6970139377190543
213016739,0.99
213193600,0.6559455611036425
